epoch,epoch_loss,epoch_time_seconds
1,2.602843701839447,581.2065758705139
2,2.543574094772339,582.9827041625977
3,2.520046591758728,580.299928188324
4,2.4734318256378174,578.0562272071838
5,2.426194727420807,579.5472540855408
6,2.3829607367515564,577.9920082092285
7,2.3432825207710266,583.9157910346985
8,2.297181248664856,577.462972164154
9,2.2584823966026306,584.4703085422516
10,2.2193633913993835,584.5305712223053
