epoch,mean,std,min,max,median
1,-0.16428537666797638,0.03440636768937111,-0.2227632850408554,-0.11462245881557465,-0.16408750414848328
3,-0.3435104489326477,0.06231824681162834,-0.452604740858078,-0.2318219244480133,-0.3425582945346832
5,-0.2567685544490814,0.04585442319512367,-0.3446950912475586,-0.17900702357292175,-0.2506631016731262
7,-0.14698411524295807,0.029517296701669693,-0.19960881769657135,-0.10255131870508194,-0.1478753387928009
9,-0.15373045206069946,0.030266445130109787,-0.20600447058677673,-0.10568376630544662,-0.15284711122512817
10,-0.17327405512332916,0.034224819391965866,-0.2258085310459137,-0.1149447113275528,-0.17581778764724731
